{
    "Ravenclaw": [
        0.03378635261647136,
        7.04973722839527,
        0.8149857436940936,
        -0.04207351020146453,
        2.0984780481088343,
        0.0004207351020145884
    ],
    "Slytherin": [
        -0.017366528229205605,
        -3.4944995036184827,
        -0.13149874744521067,
        -0.027216533223555016,
        -0.2113528747116905,
        0.00027216533223513843
    ],
    "Gryffindor": [
        -0.05754094644760968,
        -6.330849596899428,
        2.2264164366871215,
        0.497238547697562,
        5.58342234019603,
        -0.004972385476975329
    ],
    "Hufflepuff": [
        0.05878204416350242,
        9.304580854897356,
        -2.038223580484684,
        0.2089081742913396,
        -3.4205835564289346,
        -0.0020890817429133008
    ]
}