{"standard": {"std": [5.223136991041959, 106.71061034647458, 520.94609325238, 8.79040547012408, 5.2094609325238], "mean": [1.189457433748071, 496.2514567879828, 46.47644878930412, -243.3257226139089, -0.4647644878930406]}, "houses": {"Ravenclaw": [-2.219930408359139, 0.8851589069942614, 1.502531124383271, -0.7726863421918247, 1.6574012883117895, 0.7726863421918247], "Slytherin": [-3.1361094019446796, -1.2335254451302142, -1.8370866321134531, -1.3955518376766443, -1.0516052052857954, 1.3955518376766447], "Gryffindor": [-2.8372750510334757, -1.3553088399853352, 2.500114245983079, 0.9576990581519393, -0.8999742115182492, -0.9576990581519391], "Hufflepuff": [-1.7347025349546097, 1.9135420381540587, -2.4432363032036424, 1.2506603501737894, 0.2560936856707068, -1.250660350173789]}}